{"cameraMode":{"drawMode":0,"name":"Shaded","section":"Shading Mode"},"sceneLighting":false,"audioPlay":false,"sceneViewState":{"showFog":false,"showMaterialUpdate":false,"showSkybox":false,"showFlares":false,"showImageEffects":false,"showParticleSystems":true},"in2DMode":false,"pivot":{"x":14.329324722290039,"y":0.5694324970245361,"z":2.700000047683716},"rotation":{"x":0.5699343681335449,"y":-0.29568660259246828,"z":-0.7311772704124451,"w":-0.23048686981201173},"size":8.342671394348145,"orthographic":true}