{"cameraMode":{"drawMode":0,"name":"Shaded","section":"Shading Mode"},"sceneLighting":false,"audioPlay":false,"sceneViewState":{"showFog":false,"showMaterialUpdate":false,"showSkybox":false,"showFlares":false,"showImageEffects":false,"showParticleSystems":true},"in2DMode":false,"pivot":{"x":2.7369003295898439,"y":13.967412948608399,"z":-9.847163200378418},"rotation":{"x":0.13070081174373628,"y":-0.6723504066467285,"z":0.12234735488891602,"w":0.7182572484016419},"size":82.50001525878906,"orthographic":false}