{"cameraMode":{"drawMode":0,"name":"Shaded","section":"Shading Mode"},"sceneLighting":false,"audioPlay":false,"sceneViewState":{"showFog":false,"showMaterialUpdate":false,"showSkybox":false,"showFlares":false,"showImageEffects":false,"showParticleSystems":true},"in2DMode":false,"pivot":{"x":2.438966989517212,"y":1.449048399925232,"z":17.049114227294923},"rotation":{"x":-0.38945916295051577,"y":-0.18480397760868073,"z":0.8987524509429932,"w":-0.0800812765955925},"size":11.152751922607422,"orthographic":true}