{"cameraMode":{"drawMode":0,"name":"Shaded","section":"Shading Mode"},"sceneLighting":true,"audioPlay":false,"sceneViewState":{"showFog":false,"showMaterialUpdate":false,"showSkybox":false,"showFlares":false,"showImageEffects":false,"showParticleSystems":true},"in2DMode":false,"pivot":{"x":-6.94560432434082,"y":6.240869522094727,"z":42.241268157958987},"rotation":{"x":-0.1453593224287033,"y":-0.3488271236419678,"z":0.05486275255680084,"w":-0.9242188334465027},"size":29.74580192565918,"orthographic":false}