{"cameraMode":{"drawMode":0,"name":"Shaded","section":"Shading Mode"},"sceneLighting":true,"audioPlay":false,"sceneViewState":{"showFog":false,"showMaterialUpdate":false,"showSkybox":false,"showFlares":false,"showImageEffects":false,"showParticleSystems":true},"in2DMode":false,"pivot":{"x":5.59999942779541,"y":0.869999885559082,"z":-3.5364599227905275},"rotation":{"x":0.2585698366165161,"y":-0.12992732226848603,"z":0.03512066602706909,"w":0.9565705060958862},"size":48.12010192871094,"orthographic":true}