{"cameraMode":{"drawMode":0,"name":"Shaded","section":"Shading Mode"},"sceneLighting":false,"audioPlay":false,"sceneViewState":{"showFog":false,"showMaterialUpdate":false,"showSkybox":false,"showFlares":false,"showImageEffects":false,"showParticleSystems":true},"in2DMode":false,"pivot":{"x":-0.21406328678131104,"y":0.5177158713340759,"z":-0.17884469032287599},"rotation":{"x":0.4158671796321869,"y":-0.284847229719162,"z":0.13896872103214265,"w":0.8524108529090881},"size":11.640937805175782,"orthographic":false}