{"cameraMode":{"drawMode":0,"name":"Shaded","section":"Shading Mode"},"sceneLighting":false,"audioPlay":false,"sceneViewState":{"showFog":false,"showMaterialUpdate":false,"showSkybox":false,"showFlares":false,"showImageEffects":false,"showParticleSystems":true},"in2DMode":false,"pivot":{"x":16.391117095947267,"y":7.057397842407227,"z":-3.7982935905456545},"rotation":{"x":0.02416025474667549,"y":-0.968539834022522,"z":0.2247348576784134,"w":0.10412150621414185},"size":5.715767860412598,"orthographic":true}