{"cameraMode":{"drawMode":0,"name":"Shaded","section":"Shading Mode"},"sceneLighting":false,"audioPlay":false,"sceneViewState":{"showFog":false,"showMaterialUpdate":false,"showSkybox":false,"showFlares":false,"showImageEffects":false,"showParticleSystems":true},"in2DMode":false,"pivot":{"x":-12.926836967468262,"y":-18.259681701660158,"z":31.858760833740236},"rotation":{"x":-0.22210678458213807,"y":0.143890380859375,"z":-0.03316041827201843,"w":-0.9637762308120728},"size":102.75606536865235,"orthographic":false}