{"cameraMode":{"drawMode":0,"name":"Shaded","section":"Shading Mode"},"sceneLighting":true,"audioPlay":false,"sceneViewState":{"showFog":false,"showMaterialUpdate":false,"showSkybox":false,"showFlares":false,"showImageEffects":false,"showParticleSystems":true},"in2DMode":false,"pivot":{"x":2.921422004699707,"y":-5.133731842041016,"z":-0.2123088836669922},"rotation":{"x":-0.5039140582084656,"y":0.17618554830551148,"z":-0.10582619160413742,"w":-0.8389458060264587},"size":43.96882629394531,"orthographic":false}